{
  "dependencies": [],
  "singleton": true,
  "category": "support_external_dev",
  "author": "Marcel Kermer",
  "homepage": "",
  "icon": "icon.png",
  "moduleName":"CortanaHome",
  "version": "0.1.0",
  "maturity": "beta",
  "repository": {
    "type": "git",
    "source": ""
  },
  "defaults": {
    "title" : "__m_title__",
    "description": "__m_descr__",
    "assign_room": false
  },
  "schema": {
    "type": "object",
    "properties": {
      "assign_room": {
        "type": "boolean",
        "required": false
      }
    }
  },
  "options": {
    "fields": {
      "assign_room": {
        "type": "checkbox",
        "rightLabel": "__l_assign_room__",
        "helper": ""
      }
    }
  }
}
